<?xml version="1.0" encoding="UTF-8"?>
<configuration>

<!-- All log files located in logs file of the project -->
<property name="LOGS" value="../var/log/library" />

<!-- Define the console log format -->
<appender name="Console" class="ch.qos.logback.core.ConsoleAppender">
    <layout class="ch.qos.logback.classic.PatternLayout">
        <Pattern> %black(%d{ISO8601}) %highlight(%-5level) [%blue(%t)] %yellow(%C{1.}): %msg%n%throwable</Pattern>
    </layout>
</appender>

<appender name="RollingFileByDateInfo" class="ch.qos.logback.core.rolling.RollingFileAppender">
    <file>${LOGS}/info.log</file>
    <encoder class="ch.qos.logback.classic.encoder.PatternLayoutEncoder">
        <Pattern>%d %p %C{1.} [%t] %m%n</Pattern>
    </encoder>
    <rollingPolicy class="ch.qos.logback.core.rolling.TimeBasedRollingPolicy">
        <fileNamePattern>${LOGS}/archive/info-%d{yyyy-MM-dd}.%i.log</fileNamePattern>
        <timeBasedFileNamingAndTriggeringPolicy class="ch.qos.logback.core.rolling.SizeAndTimeBasedFNATP">
            <maxFileSize>10MB</maxFileSize>
        </timeBasedFileNamingAndTriggeringPolicy>
        <maxHistory>3</maxHistory>
    </rollingPolicy>
</appender>

<appender name="RollingFileByDateWarn" class="ch.qos.logback.core.rolling.RollingFileAppender">
    <file>${LOGS}/warn.log</file>
    <encoder class="ch.qos.logback.classic.encoder.PatternLayoutEncoder">
        <Pattern>%d %p %C{1.} [%t] %m%n</Pattern>
    </encoder>
    <rollingPolicy class="ch.qos.logback.core.rolling.TimeBasedRollingPolicy">
        <fileNamePattern>${LOGS}/archive/warn-%d{yyyy-MM-dd}.%i.log</fileNamePattern>
        <timeBasedFileNamingAndTriggeringPolicy class="ch.qos.logback.core.rolling.SizeAndTimeBasedFNATP">
            <maxFileSize>10MB</maxFileSize>
        </timeBasedFileNamingAndTriggeringPolicy>
        <maxHistory>3</maxHistory>
    </rollingPolicy>
</appender>

<appender name="RollingFileByDateError" class="ch.qos.logback.core.rolling.RollingFileAppender">
    <file>${LOGS}/error.log</file>
    <encoder class="ch.qos.logback.classic.encoder.PatternLayoutEncoder">
        <Pattern>%d %p %C{1.} [%t] %m%n</Pattern>
    </encoder>
    <rollingPolicy class="ch.qos.logback.core.rolling.TimeBasedRollingPolicy">
        <fileNamePattern>${LOGS}/archive/error-%d{yyyy-MM-dd}.%i.log</fileNamePattern>
        <timeBasedFileNamingAndTriggeringPolicy class="ch.qos.logback.core.rolling.SizeAndTimeBasedFNATP">
            <maxFileSize>10MB</maxFileSize>
        </timeBasedFileNamingAndTriggeringPolicy>
        <maxHistory>3</maxHistory>
    </rollingPolicy>
</appender>
    <appender name="RollingFileByDateDebug" class="ch.qos.logback.core.rolling.RollingFileAppender">
        <file>${LOGS}/debug.log</file>
        <encoder class="ch.qos.logback.classic.encoder.PatternLayoutEncoder">
            <Pattern>%d %p %C{1.} [%t] %m%n</Pattern>
        </encoder>
        <rollingPolicy class="ch.qos.logback.core.rolling.TimeBasedRollingPolicy">
            <fileNamePattern>${LOGS}/archive/debug-%d{yyyy-MM-dd}.%i.log</fileNamePattern>
            <timeBasedFileNamingAndTriggeringPolicy class="ch.qos.logback.core.rolling.SizeAndTimeBasedFNATP">
                <maxFileSize>10MB</maxFileSize>
            </timeBasedFileNamingAndTriggeringPolicy>
            <maxHistory>3</maxHistory>
        </rollingPolicy>
    </appender>
    <root level="error">
        <appender-ref ref="RollingFileByDateError" />
        <appender-ref ref="Console" />
    </root>
</configuration>
